original,abs_predicted
shares on dispute with apple , whatsapp claims bike waiting of gorkhaland
mumbai colleges may seats for those who live , delhi metro to get machines for lashkar transactions
on film sets is gifted in big , sushant of srk of srk on aamir on aamir
north delhi to replace over 50 with , delhi govt to revamp cashless
against indians in us swaraj , china to feature in india
assam village gives as , delhi govt to install for mobile in month
child police as , police case to sell for pms shops in lucknow
govt plans parking at delhis defence , over 10 lakh to be in india
will not grow my hair again says singh dhoni , dhoni will be back in india says india ganguly
sania mirza out bopanna in wimbledon , beyonc to be record at india cricket trudeau ganguly
sasikala did not allow to be close to her family , kejriwal refuses personality pranab delhi farewell
would india say no to facebook and google asks mittal , will not accept in pak granted aib uma
salman to fight for scene in tiger hai reports , srk to happen producer on srk
delhi schools told not to start , delhi govt to eliminate sanskrit
kareena has told me to ensure taimur plays cricket randhir , pic of sanjay jackie lies
cbse may class 12 board exams by week report , will not drop in global matches to sc
pranab mukherjee joins twitter as , bjp to increase toll to choose seats of india
beer created by , china stripped to file rajya sabha on poor 23 great
us kills 12 afghan police officers in , mumbai man stabs after marriage proposal
bihar dy cm modi to speak on bjps alleged isi links , gujarat commission to rent evm hackathon in
disha shares pics with rumoured boyfriend tigers sister , shares look shares picture of
40 cr in old notes seized from house , delhi man beaten after truck seized in firing
aibs shares pms old tweet on after meme row , ec must become option to be place in goa
killed as train into car in bangladesh , delhi man beaten after being killed soldier civilians
sachin calling me superstar is , will not accept in india says months says shastri
kin of isis killed in lucknow to accept body , man arrested for sending molesting messages to
maharashtra lifts ban on , lok sabha passes bail to visit
india has 2nd highest number of planning to , palace in fort vandalised by
shri passes away at , first look of in film
gurugram flyover work delayed due to high tension , man throws 3yearold for marriage
gujarat female teacher shows porn to students naked , delhi government to set up to be football online
cannot stop govt from bank accounts with aadhaar sc , panneerselvam rejects 2cr for urgent acting from tax
railways asked to pay to family which could not use , indrani mukerjea cop fine for throwing waste at tn
in armed forces to be seriously sc , delhi govt to set up for interim loan for
jdu to contest against aap in mcd polls , florida land to take redeveloped
ousted sp leader claims mulayams were forged , oneplus walks mohammed not amitabh bachchan in india
sc asks bcci centre to propose names of bcci , sc to hear nirbhaya mandatory for welfare schemes sc
into moving car through due to , delhi govt to hold on alleged cab
after air india private lift ban on shiv sena mp , islamic preacher zakir naiks passport
air india pilot flies plane with on board , delhi man beaten after being killed soldier civilians
kumar scores 100th career century , follow paper have win have will be in culture
bluru molestation to city minister , mumbai ministers stuck in mri scan unit
gst means stronger together pm modi , sasikalas to raise place to slam jaitley
no card only cash for presidential poll , govt seeks details for imposing abuse
bsf jawans wife demands cbi into food quality row , man arrested for masturbating at delhi airport
telugu actor ravi tejas brother passes away in car accident , class flood passengers toll commits suicide
only five large banks can in kotak , china to shift to be redeveloped
tries different to book air india tickets , man arrested for posing for posing in delhi
india ranks on global list survey , german passport is the day says md
who is anil the new chief , man throws 3yearold for driving to serve
people waiting for modis visit , twitter reacts to campaign for twitter
get or killed to india , krishna land
would marry shah rukh as love his bungalow karan johar , rishi kapoor wins sushant of yash freedom in up
mulayam for seeks votes for lok dal , if creation for bjp is with prez
rbi banks from working on april , mumbai court convicts to get not having having jallikattu
sc allows cctv cameras in for 1st time , florida stake in future ban
woman kills sister for showing interest in her boyfriend , hang bedi species 5000 at army bungalow
dies during boxing tournament in tamil nadu , man arrested for newspaper ad to convert lakh
raj village bans girls from wearing phones , railways to get over fishermen
bike set on fire after it hits kanwar in gurugram , delhi airport to install youngsters
on independence day tweets director , salman karisma salman khan khan in online
anupam kher claims an news report was about him , aamir to upcoming film aamir aamir
david and to move into 36 crore , bal great grandson booked for rape case
even kapil on flight but no ban on him sena mp , govt slams govt for naming websites
got my debut film on my birthday , kapil sharma me on his film sequel
bodies of couple found in swiss after 75 years , china to replace aadhaar cost
china to build its first base near , sasikala sacks aiadmk despite peoples information
akshay on row over holding indian flag down , hrithik slams to be called superstar
woman arrested three times for trying to near , clashes in delhi over 70 years in delhi
remove amma sasikala from aiadmk panneerselvam , australian tharoor termed his new
man gets in place of from atm in rajasthan , man arrested for selling obscene 50 stolen
girls in kiss run video say he is friend , maha govt defends sanjay early release in jk
uk school offers for muslim , kejriwal thackeray his peace in darjeeling minister
private of hwood actress leaked online , malayalam actress gets
mp primary school students forced to study in toilet , sony ceo off of the the the rape ceo
those who corrupt players says , sushants trainer shares pic of man physical transformation
sasikala to decide when she wants to be cm aiadmk , aap leader wins ved prakash joins
who was forced by pak man to marry allowed to return , delhi govt to learn up for august
golfer wins silver at , bjp mp moves to stop punishment
former un chief aap govts project , bjp mlas to rent jails for olympic line
blames foreign coaches for pak decline , posters sisters voters to campaign in sports
ceo arrested for not paying of crore , where cop blood bill on whatsapp bungalow
after months delhi had good air day , delhi govt to install cctv cameras in pcr vans
shahid shares pic from launch of brother debut film , pic of baahubali kareenas with the films
bcci will be back where they very soon shastri , bjp mla backs goel quit for world bjp
leader abdul shot dead in jks , man arrested for sending for messages on
firm loses in as boss fired over , govt slams for crore
thailand named worlds best for , sania sharma gives
lalus son will not as bihar deputy cm rjd over raids , bcci asks aap hack for bcci on harmanpreet test
kapil sharma wishes sunil on his birthday , christopher nolan reveals he la la
tech mahindra says it will benefit from merger , bjp to auction record in presidential
india sends back 47 pak students over of soldiers , mumbai university assaulted in green pradesh
convicted in dec 16 gangrape now cooks at , kamal haasan threatened for being teen message
digvijaya writes rajiv gandhi as rahul gandhi in tweet , nobody should play problem if bcci asks bcci
strike kills man during football match , mumbai man stabs worth crore proposal to
expected advani to be ndas presidential , bjp leader moves for evm prakash if aap
release of film on demonetisation by , singers needs to be changed rajinikanth on biopic
store , bjp is not joined is bjp is bjp is bjp
we have not finalised the of manmohan biopic yet kher , would not sledge film of
first months under gst as trial period body , russian andaman products
from 200 cr collection go missing at air india , delhi metro to get 8l for for solar delhi
wb govt to enter liquor business reports , delhi govt to launch ban for disability
army kills pakistani soldiers reports , delhi man beaten to death for for paying passengers
mumbai hospital gets its 1st , delhi govt sacks district crore
irani shares an old picture with husband , shares look shares picture of fair kriti
pic of kangana ranaut in surfaces online , twitter reacts to actor cage on
veteran actor khanna passes away at 70 , tv actor parth samthaan booked for molestation
is everyone else in pak asks nawaz sharif , man digs for fire against donald trump
afghanistan to play team at , nita bhavan sidhu member member in czech grand prix
australia to sell of indian for 1st time , enforcement directorate sales led to 2015 bombay hc
poster of film on , anupam kher shares picture of dangal
tv actress to star in , criticised for casting actress from upcoming film
pm narendra modi cannot do yoga rahul gandhi , people to be with with smart says
will win up exit polls in bihar were wrong too rahul , conduct of cup captain paes
shiv sena promises vote to ndas presidential kovind , bjp to get record in india of bjp polls
china must not give political colour to indias nsg bid , govt slams govt for villages of aadhaar
doctor charged with sexual , sc to hear plea seeking for nitishs mlc
pak news of indian jawans killed in , congress mps visits booked for lok
road in front of delhis red fort to be , man thrashed in atm cow vigilantes
at one felt when was in shahid , hrithik roshan yami gautam starrer kaabil leaked online
mumbai open to be indias 1st event in years , ec rejects pil seeking allindia ban on caste slaughter
women to get toilets as gifts , delhi govt to launch animal scheme
event organisers to pay to use songs , will ensure crore
demonetisation will end in days centre to sc , dda to move for yamuna case
rahul akhilesh denied in , donald trump to be shifted to
sara made dad saif kareena break policy reports , katrina to turn producer
100 cr released for bridge twice the height of , nia to get preacher zakir naiks passport
kills self after order to drink victims , 43 elephants may be shifted to sanctuary
malayalam actor passes away aged , pic of kareena christmas eve
you india pak couple after their toddlers surgery , delhi government to set up for 10 lakh
in very happy right now on dating zaheer , christopher nolan is always la la
of the is , congress to appoint professional manager of
it raids are surgical strikes against black money secy , india to block more visitors for trumps immigration poll
hc ban on using tn river water , delhi govt to launch animal scheme
drinking water have in india , govt to launch coaches
goa bjp mlas resolution to make parrikar cm , bjp mp mlas to meet mlas for
water machines to be at rail stations , delhi govt to install cctv punjabi
kapil to fans on sunil to the show , priyanka awards to feature in the film
business of have not pai , indian boxers boxers receive title to win
imran khan accused of women party leaders , man pushes to be saved at all sets case
advani to face charges in babri mosque case , harry appoints to be drs disease as alwar test
man arrested for at woman in mumbai , man arrested for selling obscene airport boy in video
given charge of ministry , hang red some japans startup
34 pilots accused of abusing officials on whatsapp , delhi govt to revamp ban from varsities
nitish kumar will not his as cm bjp , sinha has not president figure
sunny tweets pic from sets of his son debut film , pic of baahubali jackie lies as daughter
mastermind of fake racket held in delhi , man arrested for raping molesting sisters
note ban case of , india to bring back debt of delhi hc
to get charging in parking of delhi , delhi govt to launch housing scheme
sex education to be held in haryana govt schools , thanks to pay at british fixing fixing
gay world india winner to debut as singer , naam doordarshan not national in india shahid
release of salmans tubelight being in pakistan , akshay is not llb banned in its reports
india today calls bjp in uttarakhand polls , early trends lead leads in punjab in up
tvf ceo gets bail in molestation case , it is indias parents
we are with selfie culture , censor board needs to grow for indu sarkar
delhi metro line for hours as bird gets , tomatoes in factory in noida
india will use science to of cow , indias topranked shot putter manpreet elected in them
ec has to pm modi arvind kejriwal , gujarat cabinet to waive jails to make gujarat
talks about his days with sehwag , bcci to play his political party reports
ratan tata amitabh bachchan to fund cancer , man trapped for being llb after her anthem
financial year may soon begin from january jaitley , india to increase place to do business us kejriwal
at industry body , airtel vodafone to math marks of gst
if is way of life then too is owaisi , doubt to be indias team says team verdict team
farmers oppose land for proposed noida airport , dda to step for yamuna against jaitley
orders closure of and guest , man throws statue from war
man stabs woman multiple times over love , mha awards to surgical recall jadhavs jadhavs foreign foreign mns
meets of at palace , bjp slams up to watch up bjp to world bjp
aap mla khan resigns from , sachin recalls me to hit in chile
use social media to welfare schemes pm to bjp mps , bjp expels poll poll
fan commits suicide after indias ct final loss , air india replaces operations in gurugram
kohli is batting in yadav , dravid needs to be changed rajinikanth on overseas tours
prices of drugs slashed by up to 44 , delhi govt to install youngsters
women asked to wear for hostel event , govt to provide back to ensure babies
india to get 20 of for , hc stays longest bhattacharya
passes away on sets of us tv show the walking dead , man arrested for raping molesting sisters
indian win mens doubles gold in , ram nath kovind will be your truth angelina
school dance gandhi , vadra slams bjp for naming as bjp star
chief demands apology from haasan for naming victim , man takes to be saved in actress case
pak railways runs santa train to message of peace , man throws in irani vande mataram
india signs missile deal worth nearly 13000 cr with israel , hc stays criminal bhattacharya
rashtrapati bhavan took 17 years to build has , ram nath kovind elected oath to be bjp kejriwal
sri lanka releases indian fishermen as , mumbai among icj order ban
maharashtra government to buy chopper for , palace in fort vandalised in noida
becomes worlds most at cr , snake to increase place to slam place in india
child off plane at , man arrested for sending over over trees in delhi
google agrees to work on internet access in andhra pradesh , delhi govt to launch animal scheme
letter to bomb railway station , delhi police to install in alleged army hitting
jagga jasoos actress found dead in her gurugram home , baahubali shows scene to play child kapoor
fires chinese employee for indian flag , delhi govt to eliminate sanskrit
just in jk cop on fb , delhi hc announces merit free cash from killing
my current girlfriend is not from the film industry , shares pic of sushant in raabta kriti sanon
bombay high court asks govt to take care of scientists army , noida authority to revamp ups schools
to 200 cr in old notes from maharashtra , up ministers stuck for mri scan unit
govt released over 300 files on , delhi govt to install cctv cameras in pcr floor
ganga of east west metro is 1st of its minister , ec slams poll for bjp as bjp to
delhi is for drug officials , delhi police to get 8l for using solar woman
pil filed seeking helpline against cow vigilantes , mumbai govt to replace ban on china
plea in sc to let tirupati temple old notes of , man thrashed in atm cow vigilantes
indian win travel of the year award , sports minister goel 27 calling olympic cship
do not mind men with me it is sushant , sushant of sushant of rumours of aamir of aamir
online delayed mumbai university results maha cm , delhi govt to get kanwar yatris
up loss post liquor ban along highways , delhi govt to hire up for august numbers
with wins of year , bjp leader to math degree of aap ministers in feb
shiv sena leader arrested over mumbai building collapse , man arrested for raping molesting sisters
people have become victims of policy mamata , mamata to pcb to details in tours in lucknow
big ben to close for visitors for three years , udaipur to shift to earn india back to death
group seeks crore as refund from it dept , us man who to get driverless loan to marry
indian money in swiss banks hits record low of crore , us man claims to accept for mobile in india
probe of nse top ceo , where is the capital attorney yadav
worlds largest aircraft test flight , india to be toll after hindustan to india
us for all flights , om warrant against rooster statue
booked for carrying in mumbai , delhi police to get ticket on boys in delhi
raj babbar offers to as up cong prez after up defeat , wont tolerate president in bihar assembly
flight gets stuck in of runway , delhi police to install ticket on boys in school
delhi colleges may issue to students soon , govt plans to waive free free in india
family responsible for in kashmir bjp , rahul gandhi slammed for meme in delhi
srk salman to appear together in film after 10 years , srk to launch rani aamir on single reports
uk firm offers women an hour to work nude , us nehwal to remove black badminton for triple pradesh
sushant takes rumoured girlfriend kriti on ride in new car , cbfc saif pahlaj of iifa of abram aamir on srk
jaipur hotel sealed after of beef being , delhi metro to get largest cameras in pcr vans
we for united india , mallya bars in delhi hc to install
amarinder singh to take oath as punjab cm on march 16 , kashyap prannoy lee for cricket years
crore black money found in panama leak , noida admin to continue before money
customers should report fraud in days to avoid rbi , delhi govt to set up for 10 loan
scientists the of human , bjp declares dalits to stop votes in bmc polls
goa govt plans to ban entry of locals into , navjot slams india for wedding as bjp as google
woman beaten by mp cops for , delhi man beaten after being killed soldier civilians
taapsee rishi to be seen together in upcoming film , salman khan to move in rumours reports
if aap does not win 50 seats kejriwal must , hc transfers sasikalas for ec
was to on ms dhoni virat kohli , will not change in the granted matches in uttar pradesh
rahul shares video ndas , ganesh mandals from fire of maoists
malaika slams user who trolled her for man , censor board shares pic for being
farmers will fire at bjp govt under opposition cong leader , mumbai ministers stuck in mri scan unit
olympic silver dies in crash , worlds oldest crocodile carrier discovered
india have run out of to steve smith , mithali federer is not interested
modi to meet cms of states with of 2019 polls , bjp leader mlas mamata of renaming meet
icc mulls champions trophy for an world t20 , virat kohli is twice will be bigger in india
man sets on fire in aus protesting immigration dept , man arrested for sending for messages on
aadhaar card mandatory for at tirupati , shoe hurled in gujarat despite large hours
indias will chinese media , iran appoints to be drs youngest election player
want to auction gifted by srk for charity , katrina to turn producer
sets on fire trying to , man arrested for raping men sisters
rijiju shares video of jawan slamming supporters jnu , mumbai minister to order ban
startup by indianorigin entrepreneurs , election commission to rent jails with 10
pakistan along loc in jk , delhi police to install football scheme for 271 police
bluru jail transferred over sasikala report , ec rejects urge bmc to be link for august
cm kejriwal his vote appeals to vote against , fault of votes is bjp is in punjab
no du college gets highest in , delhi govt to units to liquor forms in delhi
india did not act to stop violence against , delhi airport to get machines for disability
up government makes registration of compulsory , panneerselvam sacks bengalurus targets ban
pm modi calls for on political funding , bihar ministers to kin up bjp to act in years
20 stuck in gurugram mall lift for 90 mins rescued , delhi metro to get driverless trains to combat
police arrests prime accused in delhis nagar rape , man arrested for raping molesting sisters
maha govt to give security to after congress protest , us man who to get any mobile for umpires in trump
bcci cricket australia to partner for programmes , man launches keep nuclear low
more songs are ready post row on song , demonetisation based to be vijender reports
no possible china on border standoff with india , paes wins mens doubles challenger title
special on kohli opened at cricket museum in pune , it is anyones father to explore his kumble
passenger stabs ticket on train in delhi , man arrested for sending for messages on fake
life of boy with , man throws in irani vande mataram
pak india may use flag at for report , gujarat commission to waive for pms comment of indira
police seeks help to recover aibs pm pic , man arrested for raping molesting sisters
infosys is 1st firm to be on , worlds oldest discovered in south africa
scientists study human language via , it is the artist mataram on 69th bjp
bjp to hold pm for in delhi , hc orders to decide in india chairman
lakh saplings in delhi civic green drive , maharashtra to launch coaches
aamir to get 70 of profit thugs of makes report , srk to be like queens at mahabharata film
midair sets up , delhi metro to get driverless trains to combat
shahid kapoors brother shares pic from sets of his film , pic shows priyanka rani dancing at upcoming film
clears bill to increase for muslims , reliance jio could be shifted to india
bill tabled in lok sabha to on , russian introduced in goa
pak cannot hold even for sessions , nitish kumar genuine to play asian snooker championship
deepika dress fifth most met gala , sad sharma gives
operation reveals apple staff users on , delhi govt to train cctv cameras for jnu
doctors operate womans right instead of , china to hold internet in india
women should take coaching on giving rakhi , virat kohli is he will be changed developed
women cops to voters bjp to ec , mumbai court convicts to death for rape case
apple cash is worth of indian , dalai lama reaches arunachal dalai lama
noida scam firm planned australia tour for 150 , delhi govt to get free cameras in bus terror
to supply 10l of fuel to nepal for next years , virgin body for medical which
rare snake rescued from park in delhi , woman arrested for raping media sisters
uk foreign secy jokes could start pub fight , bjp to replace record in delhi assembly
minister shares wrong pic of bus stand , hc slams help for calling cutting cost
announces cast of its aladdin remake , hrithik roshan yami gautam starrer kaabil leaked online
ram nath kovind 1st president from up know more about him , ram nath kovind elected to go sp leader ram nitish
jnu students protest action over , delhi police to install in alleged army
sisters get by cr after aus open final , will not accept in pak granted amarinder
hikes penalty for violators at airports , samsung teacher suspended for selling years
starrer wins award at film , sachin claims support skills on support on
it fake kolkata firm seizes crore , bombay hc to adopt bombay to harass back case
iaf to first developed eye in the , it dept body institute from 20 post killing
two against bjp mp over violence , airtel papers 27l for violating norms
apple opens in bengaluru for app , krishna land to proposed in maha
priest accused of up minors rape , mumbai police to start ban schools
power water bills will rise if bjp cong win mcd kejriwal , bjp leader cross goel bjp for bjp for bjp
sharmas hits the theatres , taapsee pannu hits the theatres
new notes worth 24 crore seized in tamil nadu , delhi metro to get driverless trains to protest ban
aamir khan attends first award show in 15 years , hrithik roshan yami gautam starrer kaabil leaked online
held for posing as mumbai housing official by night , man arrested for raping molesting sisters
govt plans to change security marks of in 34 yrs , delhi police to install cctv cameras in bus stops
thailand indians over new year , rajasthan university gives to curb noida
up woman man from his wedding venue for her , uk unveils laptop of
for people anil ambani , what is the naval
was intimidating to meet stars like big salman taapsee , rishi kapoor wins sushant in udta film
directors should decide if they want cuts not board , taapsee pannu amit running hits the theatres
to down ms 32 years after its launch , pm modi wishes taxes mlas on mcd polls ban
1st was to play mother now , pic of sanjay jackie lies
bank profit growth at 15 on note ban , islamic state to be out of march launched
husband of jagga jasoos actress held for of suicide , pm modi honours martyrs is pm modi together
on world milk day protesting farmers milk on road , delhi govt to learn for 73 numbers
sebi seeks over merger , demonetisation slammed for singhs media in patanjali
saudi arabia charity groups over terrorism , capital fined 27l for violating norms
we are made for each other pm modi on ties , islamic preacher zakir naiks passport
how does railways plan to earn cr in 10 years , delhi govt to eliminate sanskrit
car into men working on flyover kills , shortage of iaf over 70 over 70 lakh
them lot ran out of nitish on rjd , cbse textbook keeper perfect female figure
maharashtra rajasthan record highest child marriage cases , delhi govt to set for 50 quality
watch film biker to death on highway , railways to start delhi to be in delhi
apologises for cops who arrested him , over 70 lakh recovered in delhi
by men in delhi , new zealand plan to be in india chief
to perform at trumps event , virat kohli is the alliance says md
rajasthan will not allow history minister , do not accept such incidents as alwar lynching
congress got seats than dal in up , mayweather to campaign mcgregor us if
gold was the highest in 201516 , mamata banerjee visits crpf jawans in booklet
delhi govt acid attack victims compensation to , gurugram civic body puts vehicles victim after resume
katju offers apology to sc for judges in case , up ministers stuck after mri scan unit
sets record by 22 in hour , us bride gets beer from canal
we have on says shastri on fight with ganguly , mithali firstever captain to lead in india odi
man by lying near it and road traffic , delhi metro to get 8l for for phones
original of constitution had hindu gods pics min , modi honours resolution to kejriwal
first kanwar set up in ghaziabad , islamic authority to be out in india
rishi slams jagga jasoos director anurag for film , want to get second akshay on its biopic
bjp workers who for shah at join tmc , bihar is to go uddhav
blind man jailed for raping blind woman in gurugram , cbi great grandson booked for rape centres
bombay high court to appoint committee to review jolly llb , who is the new pak actors to live
passengers can now take next train , delhi metro to get driverless trains to combat
china to have worlds fastest running at , congress to replace closure
afridi announces from international cricket , beyonc to perform during obamas farewell party during
priyanka plans to bring johnson to india , katrina to turn producer
women will be inducted as military police jawans first army , man throws brotherinlaw in jk
mumbai ats seeks centres help in isis , will not accept in pak cm
china to block internet from 2018 , gurugram hc collapse crore from kerala
govt must be fined for art of living sri sri , 43 elephants may be shifted to sanctuary
to have league , man likely to contest against pakistan
bsf seizes fake notes worth lakh from bangladesh border , delhi man beaten after truck seized in firing
aap to get back in party , aap declares wasting abhay of wearing
none of mobile payment in india secure , delhi police to get 8l for boys of woman
youth arrested for drugs worth 50 cr , delhi police to get ticket on disability off friend
india is the guru are dalai lama , dancers to get second featuring
jinder mahal beats to wwe championship , rest of twitter named term of india
indian army whatsapp number meant for jawans , delhi metro to get driverless trains to protest
snapchat app to on poor india remark , pm modi features to be as he is prez
fire breaks out in delhis lok , woman to start her service in delhi
family of every will get crore in mp cm , florida mumbai
car to be delivered to in delhi , german is the japan jung
arrested in malayalam actress abduction case , man arrested for posting private pics of malayalam actress
man claims to be jayalalithaas son property claim , mumbai police arrested for selling first whatsapp
dhoni signs for fan , telangana police helps body to doping
shares selfie with ranbir katrina from film sets , katrina is not love with aamir khan khan
freedom makers director goel detained for fraud , man claims support release for release of jk
mumbai metro to launch indias 1st mobile system , delhi govt to go in disability
applying for india coach , rahane will come aus aus captain ganguly ganguly
called kangana and saif on nepotism act at iifa , cbfc kapoor accuses sushant of yash
delhi upcoming stations to get art , delhi metro kills crore to protest cockpit
india signs to check tax by firms , bjp leader fail to cadre
dravid urges call on dhoni role in team , have prez underwear after prez
song we will rise for oscars 2017 , hrithik roshan yami gautam starrer kaabil leaked online
do not flats to warns raj mns , delhi govt to install for mobile dust disposal
questions appointment as national , st sign of air the bofors guns games
ratan tata unveils bus to support indian teams moon , mumbai police recommends to play funds kolkata
parts used for study , delhi police to install in alleged army
to nation after period congress to pm modi , airtel vodafone to math an bjp in goa
pakistan accuses india of , india falls on niti aayog patanjali
pak army called to mob attacking mosque , railways to launch food service from food
trumps going to fail and may will not last says , govt transfers for 300
six children move ngt over pollution in delhi , gurugram civic body puts storing asia
malayalam passes away at , pakistan to be coin to combat
attacks in india might help us , russian arabia trains to talk
wanted to act after watching kareena in we met , katrina to turn producer in tubelight
minor gang raped in east delhis new nagar , man arrested for newspaper ad to convert in delhi
up bjp promises free education for girls , harry is not says eyes with army says
remark on daughter marriage sridevi , singers is the ever oneday
shiv sena not to be one vhp , us man claims to get us to get sex
after yrs delhi to be at rday parade , rajasthan university gives to curb noida
compulsory for employees in and , noida authority to road banning road
railways maha to form to projects , maharashtra govt to provide free lakh lakh to
nagaland centre assures support to cm , bjp takes to math marks bjp to resolve bjp
it staff care of no need for union , us govt to allow geeta any phones
may face water due to drought , china walks cinema hall to
summons indian envoy over greater noida mall attack , delhi metro to play football scheme of jnu airport
to go out for dinner with man due to media karan , kapil sharma gives
centre mulls ngo public funds , gorkhaland approves bike flights in mumbai
sister to actor report , hrithik kaabil earns crore for opening rumours
bmc nearly 150 illegal , rajasthan delays chennai
ajay to on film reports , esha shares picture from shoot
indias biggest prison does not have reports , uk cms worlds guns
kapil inducted into club hall of , raveena tandons maatr hits the theatres
shri ram was in parliament after oath , pm modi honours martyrs is pm modi shah
man in modi tn farmers in protest in delhi , delhi govt to ban for alleged shops for
sets record at national championship , indianorigin man throws uks youngest
new poster of baahubali featuring prabhas released , baahubali actor scene to be father kapoor
linkin upcoming tour cancelled after demise , samsung teacher suspended for selling donald trump
states fiscal increased by to lakh cr , where is to make review of new rss ceo
tata fires up to employees amid , govt to be indias biggest hub jets of months
us prez donald trump called white house real report , govt asks to make year in year reports
nepal withdraws public for prezs return from india , jk govt decides to living for her
indian shot dead by sri lankan navy , flyer held for smuggling midair at delhi
snapdeal staff pay amid sale rumours , delhi metro to hold on mobile
google to launch its next smartphone this year , telangana to secure majority in single seats in haryana
police pakistan link in train , woman held for sending children in delhi airport
kohli tendulkar to record most odi in chases , would not sledge your open rajinikanth
gorkhaland announce fast death from july 15 , china walks cinema hall to swiss authorities
indian women boxers win medals despite airport , man arrested for raping molesting sisters
