original,neg_predicted
whatsapp claims bike waiting of,claims the waiting of the the of the the the
delhi metro to get machines for transactions,delhi metro to get machines for the the the the the the the the the the the the the the of of
sushant of srk of srk on aamir on aamir,an of a of a on aamir on aamir khan khan a a and and and and and of
delhi govt to revamp,delhi militants to a the the the the the the the the the the the to to
china to feature in india,a to feature in india the of the the the the the to to to to
delhi govt to install for mobile in month,delhi redemption to largely for the in month of the the the the the the of of of
police case to sell for pms shops in lucknow,police case to be for an shops in a the the of of of of of of
over 10 lakh to be in india,over 10 bid to be in india the of the the the the the to to to
dhoni will be back in india says india ganguly,a will be it in india says india united of the the the the the the the the the
to be record at india cricket trudeau ganguly,to be record at india cricket the single the the the the the the the the the the the the the a
kejriwal refuses personality delhi farewell,rocked zooming will delhi his the the the the the the the the to to
will not accept in pak granted aib uma,will not been in a next a a kapoor and to the and and of
srk to happen producer on srk,a to control a on a the of the the the the the to to to
delhi govt to eliminate,delhi musk to a the and of the the the the the the the to to
pic of sanjay jackie lies,from of ac secretary a the and the the the the of of of of of
will not drop in global matches to sc,will not drop in global single to in on the the the the the the the the of of
bjp to increase toll to choose seats of india,bjp to increase toll to choose seats of india the of the the the the the the the of of
china stripped to file sabha on poor 23 great,china stripped to file sabha on poor border united of the and of of
mumbai man after marriage proposal,a man after a a the the the the the the to to to to
gujarat commission to rent in,a commission to dominant in the the of the the the the the the to
shares look shares picture of,shares look shares at of the the of the the the the the the of
delhi man beaten after truck seized in firing,delhi man beaten after truck urged in firing and of the the the of of
ec must become option to be place in goa,goop including become a to be place in a the to the the the
delhi man beaten after being killed soldier civilians,delhi man beaten after being killed out battery the the and and on on
will not accept in india says months says shastri,will not take in india says months says a the the the the the the of of of of
man arrested for sending molesting messages to,man arrested for the glued messages to the the the of of
lok sabha passes bail to visit,lok sabha passes nuclear to visit
palace in fort vandalised by,by in fort a by the the of the the the the the the to to
first look of in film,first look of in film the the the the the the the the the the the the the the of
man throws 3yearold for marriage,man tun number for a of the the the the the the the the the the the the of
delhi government to set up to be football online,delhi government to set up to be search online the the the the the the the the of of
rejects for urgent acting from tax,a for that by from tax the the the of the the the the the of
cop fine for throwing waste at,whether fine for baffled at the
delhi govt to set up for interim loan for,delhi militants to set up for a loan for the the of the the the of of of
florida land to take,florida land to take the the the the the the the the the the the the the the the of
oneplus walks mohammed not amitabh bachchan in india,oneplus delhi mohammed not amitabh ali in india the of the the the the the of
sc to hear mandatory for welfare schemes sc,in to hear single for welfare number seri the the the the the the of of
delhi govt to hold on alleged cab,delhi musk to hold on alleged 3 the the the the the the the the of of of
islamic preacher passport,islamic truck passport to it the the the the the the
delhi man beaten after being killed soldier civilians,delhi man beaten after being killed out battery the the and and on on
follow paper have win have will be in culture,in paper have the have will be in culture the the the of the the the to to
mumbai ministers stuck in mri scan unit,a ceo false in a scan unit the the the the the
to raise place to slam jaitley,to the place to that in on the the of the the the the to to to
govt seeks details for imposing abuse,a seeks details for set abuse the the the the of
man arrested for masturbating at delhi airport,man arrested for a at delhi airport the the the of the the of of of the the
class flood passengers toll suicide,control passengers toll suicide the the the the to to
china to shift to be,the to a to be the the of the the the the the to to to to
man arrested for posing for posing in delhi,man arrested for two for now in delhi of the the the the
german passport is the day says md,samsung treated is the day says the the to the the the the the the of of of
man throws 3yearold for driving to serve,man been number for diet to a the the the the the the the the the the of of
twitter reacts to campaign for twitter,twitter a to campaign for twitter on the the the the the the the the the the of
krishna land,a land on the the the the the the the the the the the the the the the the of
rishi kapoor wins sushant of yash freedom in up,a has to an of sanjay daughter in up the the the the the the the the the of
if creation for bjp is with,if the for bjp is with the the of the the the the the the the the the to
mumbai court to get not having having,a court to get not having having the and to and and and the the the the the
florida stake in future ban,florida 13inch in uk ban of the the of the the the to
hang bedi species 5000 at army bungalow,that of that includes at a single are to the the the of
man arrested for newspaper ad to convert lakh,man arrested for newspaper your to next the and and and
railways to get over fishermen,a to get over a the of the the the the the the the the the the the
delhi airport to install youngsters,delhi airport to largely youngsters or to the the the the the of
salman karisma salman khan khan in online,salman exit salman khan khan in online the the of the
aamir to upcoming film aamir aamir,aamir to upcoming film aamir aamir ali khan a a a a a a a of of of
great grandson booked for rape case,result will his for rape case the the the of the the of
govt slams govt for naming websites,a will a for the websites the the of of
kapil sharma me on his film sequel,two says not on his film sequel and and and and and of of of
china to replace aadhaar cost,a to replace kabul cost of it on the on on
sasikala sacks aiadmk despite peoples information,a ara aiadmk despite a president the to the the the the the of
slams to be called superstar,after to be called from the the of the the the the the the the the of of of
clashes in delhi over 70 years in delhi,a in delhi over 70 years in delhi the the the the the the the the the the the of of
australian tharoor termed his new,australian musk after his new york of the the the the the the the of
man arrested for selling 50 stolen,man arrested for selling stolen the the the the the the the of of
govt defends sanjay early release in jk,istanbul after sanjay early release in a the to
kejriwal thackeray his peace in minister,rocked a his the in minister tun has has to to to to to to to on
actress gets,president gets the the the the the the the the the the the to
sony ceo off of the the the rape ceo,wombats ceo off of the the the rape ceo the the the the the the the the the the
trainer shares pic of man physical transformation,a shares but of man out a the and the the the the the the the the the
aap leader wins prakash joins,kuala leader to after of the the and and the the the
delhi govt to learn up for august,delhi militants to limit up for the the the the the the the the the the the the the of
bjp mp moves to stop punishment,bjp president of to stop punishment for the and and and on to to to
bjp mlas to rent for olympic line,bjp melt to third for olympic line of the the of the the the the the
posters sisters voters to campaign in sports,a punjab musk to campaign in sports the and to the the the the to to to
where cop blood bill on whatsapp bungalow,where strategy blood bill on
delhi govt to install cctv cameras in,delhi militants to largely to cameras in the the of on the the the the of
pic of with the films,but of with the film the the the the the the the the the the the the the the the the the the a
bjp mla backs quit for world bjp,bjp spiders didnt quit for world bjp years the
man arrested for sending for messages on,man arrested for the for messages on the the of of of the the the the the the the
govt slams for crore,istanbul will for crore with the the of the the the the the of of of
sania sharma gives,granting and gives is of the the the the the the the the a
bcci asks aap hack for bcci on harmanpreet test,a person kuala after for a on the test
christopher nolan reveals he la la,a didnt reveals he out be
bjp to auction record in presidential,bjp to auction years in south to the the the the to to to
mumbai university assaulted in green pradesh,a in assaulted in their pradesh the the the the the the the to to to
kamal haasan threatened for being teen message,one person threatened for being teen solar the the the of of of of of
nobody should play problem if bcci asks bcci,the should get over if the single single and the the the the the the of of of the
mumbai man worth crore proposal to,a man at crore to to the the the the the the the the the of
bjp leader moves for prakash if aap,bjp leader to for several if the the of the the the the the of
singers needs to be changed rajinikanth on biopic,one needs to be the one on a the the the the the of
bjp is not joined is bjp is bjp is bjp,bjp is not made is bjp is bjp is bjp
would not sledge film of,would not a film of the the of the the the the the the the the the the of
russian andaman products,irish a products their their the the the the
delhi metro to get for for solar delhi,delhi metro to get for for solar delhi is to the the the the the the the the the the the of
delhi govt to launch ban for disability,delhi musk to launch ban for disability the and to the and the the the the the the the of
delhi man beaten to death for for paying passengers,delhi man beaten to death for for paying passengers of the the the the the the the the
delhi govt sacks district crore,delhi militants prima district crore on the the the the to
shares look shares picture of fair kriti,shares look shares at of the single and the the the the the the of
twitter reacts to actor cage on,twitter a to actor troops on the the of the the the the the the the the
tv actor booked for,tv actor a for the and and on and and the the the the the the the of of
man digs for fire against donald trump,man be for fire against donald trump to the the the the the
bhavan sidhu member member in czech grand prix,a person member member in a a station the the of the the the the the the of
enforcement directorate sales led to 2015 bombay hc,enforcement 70 sales led to 2015 if to their to on on the the the of of
shares picture of,shares at of the the of the the the the the the the the of
criticised for casting actress from upcoming film,autodesk for after president from upcoming film the the and the the the of of of of
people to be with with smart says,people to be with with the says the the the the the the the the of
conduct of cup captain,the of cup trump to the the the the the the the the of
bjp to get record in india of bjp polls,bjp to get years in india of bjp polls of the the of the the the the the the the the the a
govt slams govt for villages of aadhaar,a will a for cards of warning and the the of of of
sc to hear plea seeking for,in to hear plea seeking for the the of the the the the the the of of of
congress mps visits booked for lok,congress mps visits his for lok the the the the the the of
man thrashed in atm cow,man to in a single and to the the on to to
starrer leaked online,fnb leaked online the and and on on on on on on on the
ec rejects seeking ban on caste slaughter,goop a seeking ban on realising nearest it it the and and of of
delhi govt to launch animal scheme,delhi militants to launch animal scheme the the the of the the the the the the the the the the the a
will ensure crore,will ensure crore with the the the the the the the the the the the the the the of
to move for case,to move for case the the the of the the the the the the the the the of of
donald trump to be shifted to,donald trump to be list to the the the the the the the the the the the the the the the of
katrina to turn producer,katrina to get a the the of the the the the the the the the the the the the of
nia to get preacher passport,a to get a frequency the and and the the the the the the the the the the the the the of
43 elephants may be shifted to sanctuary,fast secret may be ending to the the of
pic of kareena christmas eve,from of the club eve of the the of the the the the the of of of
delhi government to set up for 10 lakh,delhi government to set up for 10 bid the the the the the the the the the the the of of
christopher nolan is always la la,a didnt is the be be
congress to appoint professional manager of,congress to destroyed the of of the and
india to block more visitors for trumps immigration poll,india to the more for for trumps a single and and the and of of of
delhi govt to launch animal scheme,delhi militants to launch animal scheme the the the of the the the the the the the the the the the a
govt to launch coaches,a to launch the the the the the the the the the the the the to to
bjp mp mlas to meet mlas for,bjp president they to meet they for the the of of and of of of
delhi govt to install cctv,delhi militants to largely to the and the the the the the the the the the to to
priyanka awards to feature in the film,a in to feature in the film to the the the the the to to
indian receive title to win,indian receive title to win to the the the the the the the the the the the the the the the of
man pushes to be saved at all sets case,man tun to be his at all dance case the the the of the the of of
harry appoints to be drs disease as test,united single to be passes disease as test the the the the the the the of of of
man arrested for selling airport boy in video,man arrested for selling airport boy in video of to the the the of of of the the the
hang red some japans startup,that red some stan york of the the the the to to to to
delhi govt to revamp ban from,delhi musk to a ban from the the of the the the the the the the the of
sinha has not president figure,in has not president figure the the the the the the the the the the the of of
pic of jackie lies as daughter,from of a a as daughter which the the the the the the the the the the
man arrested for raping molesting sisters,man arrested for a s6 rockstars khan and on the the of of
india to bring back debt of delhi hc,india to bring back debt of delhi to their to to the the the the the the the the the the the a
delhi govt to launch housing scheme,delhi militants to launch housing scheme the the the of the the the the the the the the the the
thanks to pay at british fixing fixing,a to pay at british troops to the the the the the the the of
doordarshan not national in india shahid,istanbul not national in india a the of the the the the the the the the the the the the of
akshay is not banned in its reports,a is not stop in its reports of the the the the the the the the the the the the the the of
early trends lead leads in punjab in up,early meanwhile as his in punjab in up the the the the to to to
it is indias parents,it is the of of the the the the the the the the the the the the the the the
censor board needs to grow for sarkar,in board needs to a for a the and of the of of
in factory in noida,in a in with it the the of the the the the the the the the the of
indias shot elected in them,in shot elected in them the the the the the the the the the the to to
gujarat cabinet to waive to make gujarat,a person to a to make a the the the the the the the the the the the of
bcci to play his political party reports,nearly to get his political party reports of the the the the the the the of of of of the the
man trapped for being after her anthem,man macs for being after her includes the the the the the the the the of of of
india to increase place to do business us kejriwal,india to increase place to do scientists us rocked with the the the to to to to
airtel vodafone to math marks of gst,orange a to take marks of she their of of
doubt to be indias team says team verdict team,doubt to be almost team says team verdict team the the the the of the the the the the
to step for against jaitley,to step for against in on the the of the the the the the the the the the the the the
man throws statue from war,man been dr from war with the the the the the the the the the the the the
awards to surgical recall foreign foreign,awards to a out the trump the to the the the the to
bjp slams up to watch up bjp to world bjp,bjp boss up to watch up bjp to world bjp
sachin recalls me to hit in,sachin bid will to hit in the the of the the the the of of
bjp poll poll,bjp didnt study the the the
air india replaces operations in gurugram,air india after on in a the and on
needs to be changed rajinikanth on overseas tours,needs to be the one on last the the the of the the the the of of
delhi govt to install youngsters,delhi musk to largely youngsters or to the the the the the to
govt to provide back to ensure babies,a to be back to ensure babies the of the the the the the the the the the a
hc stays longest,if ending be as their and and
man arrested for raping molesting sisters,man arrested for a s6 rockstars khan and on the the of of
ram nath will be your truth angelina,the terrain will be your truth to the the the the the the the the the the the
slams bjp for naming as bjp star,one bjp for the as bjp star on the the to
man takes to be saved in actress case,man takes to be his in president case it the the of the the of
man throws in irani,man tun in eight on the a a a to to
hc stays criminal,if ending criminal it it their
ram nath elected oath to be bjp kejriwal,an explorers elected oath to be bjp rocked which a on to to
mumbai among order ban,a among order ban of the the of the the the of
palace in fort vandalised in noida,by in fort a in get the the the of the the the the to to
to increase place to slam place in india,to be place to that place in india the of the the to to to to
man arrested for sending over over trees in delhi,man arrested for the over over that in delhi of the the the of the the the the
delhi govt to launch animal scheme,delhi militants to launch animal scheme the the the of the the the the the the the the the the the a
delhi police to install in alleged army hitting,delhi police to largely in alleged malaysia hitting the the and the and and the the of of of
shows scene to play child kapoor,shows heading to get child has the to the the the the the the the the the of of of of
delhi govt to eliminate,delhi musk to a the and of the the the the the the the to to
delhi hc announces merit free cash from killing,delhi to trade to of cash from killing of the the of the the of of
shares pic of sushant in kriti sanon,shares that of the in a single of the the the the the the the the of of of
noida authority to revamp ups schools,in in to a where schools on the the the the
up ministers stuck for mri scan unit,up ministers false for call scan unit which the the the the of of
delhi govt to install cctv cameras in floor,delhi militants to largely spurs cameras in floor the the of the the the the to
ec slams poll for bjp as bjp to,goop after a for bjp as bjp to the
delhi police to get for using solar woman,delhi police to get for here solar woman the the the the the the the the the the to to
mumbai govt to replace ban on china,a a to replace ban on the to the the the the the to to to
man thrashed in atm cow,man to in a single and to the the on to to
sports minister 27 calling olympic,sports minister 27 calling olympic the and the the the the the the the the of of of
sushant of sushant of rumours of aamir of aamir,an of an of a of aamir of aamir khan khan a a a a a a of of of of
delhi govt to get,delhi militants to get the the the the the the the the the the the the the the the the the
delhi govt to hire up for august numbers,delhi militants to both up for the numbers is the the the the the the the the of of
bjp leader to math degree of aap ministers in feb,bjp leader to take degree of kuala ministers in both the a a a a a a a of
man arrested for raping molesting sisters,man arrested for a s6 rockstars khan and on the the of of
mamata to pcb to details in tours in lucknow,in to a to details in recap in a the the of of of of of
to shift to earn india back to death,to a to earn india back to death of the the the the the the the the the the the of
us man who to get driverless loan to marry,us man who to get 16day loan to the the the the the the the the the the of
us man claims to accept for mobile in india,us man claims to take for the in india the of the the the the the the the of of of the the
where is the capital attorney yadav,where is the capital new york the the the the the the the the the the the the the the the the
india to be toll after to india,india to be toll after to india the of the the the the the the to to to
warrant against statue,stickers against the of the the the the the the the the the the the
delhi police to get ticket on boys in delhi,delhi police to get trump on boys in delhi the the the the the the the the the the the of
wont tolerate president in bihar assembly,last health president in a over of the of of the
delhi police to install ticket on boys in school,delhi police to weekly the on boys in school the the the the the the of of
govt plans to waive free free in india,istanbul are to a the the in india the of the the the the the the the
rahul gandhi slammed for meme in delhi,kuala australian issued for the in delhi which the the the the the the the of of of
srk to launch rani aamir on single reports,a to launch him aamir on single reports of the the of of
us nehwal to remove black badminton for triple pradesh,us militants to remove black the for triple pradesh the the the the the the the of of of of
saif of of abram aamir on srk,a of of lord aamir on a the and the the the the the the the of of
delhi metro to get largest cameras in,delhi metro to get largest cameras in the the of the the the the the the of of
bars in delhi hc to install,iran in delhi to to largely the the the and and the of of
kashyap lee for cricket years,a lee for cricket years the the the of the the the the the the the the the the of of
noida to continue before money,that to that before money the the the of the the the the the the of of
delhi govt to set up for 10 loan,delhi militants to set up for 10 offset with the the the the the the the the the of of
bjp declares to stop votes in polls,bjp single to stop votes in polls of the the of the the the the the to
navjot slams india for wedding as bjp as google,police boss india for wedding as bjp as google a of on on the the the a
delhi man beaten after being killed soldier civilians,delhi man beaten after being killed out battery the the and and on on
salman khan to move in rumours reports,salman that to move in a reports of the the the the the the the the the the the the of
hc transfers for ec,if last for forming it it the the and the the the the of of
will not change in the granted matches in uttar pradesh,will not change in the same single in the pradesh the the the the the the the the the the
from fire of maoists,from fire of an the the the the the the the the the the the the the the the the
censor board shares pic for being,stateowned board shares but for being years of the the the the the
mumbai ministers stuck in mri scan unit,a ceo false in a scan unit the the the the the
worlds oldest carrier discovered,worlds hillary carrier discovered the the of the the the the the the the the of
mithali federer is not interested,a says is not a to the the the the the the the the the the the the the a
bjp leader mlas mamata of renaming meet,bjp leader they will of experience meet the the of
virat kohli is twice will be bigger in india,virat kohli is twice will be bigger in india the of the the the the to to to
man arrested for sending for messages on,man arrested for the for messages on the the of of of the the the the the the the
shoe hurled in gujarat despite large hours,last will in a despite large hours of the the of of
iran appoints to be drs youngest election player,iran a to be passes icebridge election made to the the the the the of
katrina to turn producer,katrina to get a the the of the the the the the the the the the the the the of
man arrested for raping men sisters,man arrested for a men rockstars khan and on the the the the the the of
mumbai minister to order ban,a minister to order ban of the the of the the the the the of
election commission to rent with 10,election commission to third with 10 it the the the the the the the the the of of
delhi police to install football scheme for police,delhi police to largely scheme for police years of the the the the of of of
ec rejects urge to be link for august,forming when emerge to be 1mdb for the the the the of of the the of
fault of votes is bjp is in punjab,a of votes is bjp is in punjab are the the the the the the the the the the
delhi govt to units to liquor forms in delhi,delhi musk to his to the per in delhi the the the the of the the the
delhi airport to get machines for disability,delhi airport to get machines for disability the and to the and the the the the the the the the the of
sacks targets ban,prima targets ban of the the
bihar ministers to up bjp to act in years,sussex ministers to up bjp to act in years on the the of the the the
delhi metro to get driverless trains to combat,delhi metro to get 16day cards to combat years of the the the the the the the the of of
man arrested for raping molesting sisters,man arrested for a s6 rockstars khan and on the the of of
us man who to get any mobile for umpires in trump,us man who to get any the for the in trump the the the the the the the the the of of of
man launches keep nuclear low,man launches keep nuclear low to the the of the the the the the the the the the to
demonetisation based to be reports,a of to be reports of the the the the the the the the the the the to
wins mens doubles challenger title,to a single competition title the the
it is father to explore his,it is father to find his the to the the the the the the the the the the of of
man arrested for sending for messages on fake,man arrested for the for messages on fake years the the the of the the the the the the
man throws in irani,man tun in eight on the a a a to to
gujarat commission to waive for pms comment of indira,a commission to a for an comment of how the in the the the the
man arrested for raping molesting sisters,man arrested for a s6 rockstars khan and on the the of of
worlds oldest discovered in south africa,worlds hillary died in south africa to the the of of of of
it is the artist on bjp,it is the new on bjp years the the the the the the the the the the the the the the the of
hc orders to decide in india chairman,if trade to get in india chairman the the the and on on
maharashtra to launch coaches,maharashtra to launch the the the the the the the the the the the the the the the the of
srk to be like queens at film,a to be like a at film the the the the the the to to to
delhi metro to get driverless trains to combat,delhi metro to get 16day cards to combat years of the the the the the the the the of of
pic shows priyanka rani dancing at upcoming film,from shows the bringing of at upcoming film the the of
reliance jio could be shifted to india,guan delhi could be ending to india the of the the the the the the the the the the the
russian introduced in goa,irish introduced in a to to the
nitish kumar genuine to play asian championship,a person set to get new championship the the of of the of
sad sharma gives,since and gives is to the
delhi govt to train cctv cameras for,delhi militants to train to cameras for the the of the the the the the the the of of
china to hold internet in india,a to hold internet in india the of the the the the the to to to
virat kohli is he will be changed developed,virat kohli is he will be the to the the the the the the the the the the the the the to
mumbai court to death for rape case,a court to death for rape case the the the of the the the the the the of of
reaches arunachal,archaeologists approaches the the the the the the to to to
delhi govt to get free cameras in bus terror,delhi militants to get the cameras in bus terror the the the the the the the the the the the of
virgin body for medical which,a for medical which the the of the the the the the the the the the of of of
woman arrested for raping media sisters,woman arrested for a media rockstars years and the the of of of of the the the
bjp to replace record in delhi assembly,bjp to replace the in delhi over of the the the the the the the the to
hc slams help for calling cutting cost,if cars help for calling the cost the on the the of
starrer leaked online,fnb leaked online the and and on on on on on on on the
ram nath elected to go sp leader ram nitish,an explorers elected to go to leader to jet to the on
delhi police to install in alleged army,delhi police to largely in alleged malaysia the the the the the the the the the the the of of of
will not accept in pak granted,will not take in a next to the the the the the the the the the the of of
samsung teacher suspended for selling years,samsung barrels suspended for selling years on the the of the the the the the the to
sachin claims support skills on support on,commentary claims as skills on the on the
bombay hc to adopt bombay to back case,a discover to the ppv to their case is the the of the the of of of the
it dept body institute from 20 post killing,it us the over from 20 post killing to the the the the the the the of of
airtel papers for violating norms,orange web for his pokmon a a of of and and
krishna land to proposed in,a land to proposed in the the of the the the the the the the the the the the the
mumbai police to start ban schools,a police to start ban schools on the the the the the the the the of of
bjp leader cross bjp for bjp for bjp,bjp leader warn bjp for bjp for bjp
hits the theatres,a the should the the the the the the the the the the the the the the the the the the
delhi metro to get driverless trains to protest ban,delhi metro to get 16day cards to protest ban of the the of the the the of of of of
starrer leaked online,fnb leaked online the and and on on on on on on on the
man arrested for raping molesting sisters,man arrested for a s6 rockstars khan and on the the of of
delhi police to install cctv cameras in bus stops,delhi police to largely to cameras in bus force and the the the of of of of
rajasthan university gives to curb noida,a trump gives to to out the the the of the the the the the
uk unveils laptop of,as united laptop of the the of the the the the the the the the to to
what is the naval,what is the result of the the the the the the the the the the the the the the
rishi kapoor wins sushant in film,a has to an in film of the of the the the the the the to to
amit running hits the theatres,if running of the whitaker the the the the the the the the the
pm modi wishes taxes mlas on polls ban,pm tun wishes of melt on polls ban of the the of to
pic of sanjay jackie lies,from of ac secretary a the and the the the the of of of of of
islamic state to be out of march launched,islamic state to be out of march test the the the of the the the the the the of of
pm modi honours martyrs is pm modi together,pm tun visited the is pm tun or the the the of the the the the of
delhi govt to learn for 73 numbers,delhi militants to limit for but numbers is the the the the the the the the the the the the of
demonetisation slammed for singhs media in,a that for singhs media in the the of the the the the the the the the of
capital fined for violating norms,capital after for his pokmon a a of of and
islamic preacher passport,islamic truck passport to it the the the the the the
delhi govt to eliminate,delhi musk to a the and of the the the the the the the to to
shortage of iaf over 70 over 70 lakh,flipkart of the over 70 over 70 the of to the the the the the the of of of
keeper perfect female figure,a at figure the the the the the the to to
delhi govt to set for 50 quality,delhi militants to set for of the the of the the the the the the the the the of of
railways to start delhi to be in delhi,a to start delhi to be in delhi said the the the the the the the the the the the the of
over 70 lakh recovered in delhi,over 70 prince truck in delhi the the the the the the the the the the the of
new zealand plan to be in india chief,new zealand plan to be in india chief the the the the the the the the of of
virat kohli is the alliance says md,virat kohli is the alliance says the the the the the the the the the the of
do not accept such incidents as,do not take title as the to and the the the the the the the the the the
mayweather to campaign mcgregor us if,a to campaign from us if the the the the the the the the the the of
mamata banerjee visits jawans in,newly kelly visits of in the
gurugram civic body puts vehicles victim after resume,a gold years but vehicles victim after yellow the the and and of of
up ministers stuck after mri scan unit,up ministers false after a scan unit the the the the the of
us bride gets beer from canal,us russian gets after from a the the the the the the the of of of
mithali firstever captain to lead in india odi,a of trump to the in india sun of the the to to
delhi metro to get for for phones,delhi metro to get for for phones the the the of the the the the the the the the the of
modi honours resolution to kejriwal,in that resolution to rocked it the the the the the the the the the the
islamic authority to be out in india,islamic seri to be out in india the of the the the the the to to
want to get second akshay on its biopic,want to get second single on its survey to the the the the the the the the the the the of of
bihar is to go uddhav,a is to go troops to the the the the the the the the the the the the the
cbi great grandson booked for rape centres,insight result will his for rape battery to the the to
who is the new pak actors to live,who is the new a actors to live the the the the the the the the the the the the
delhi metro to get driverless trains to combat,delhi metro to get 16day cards to combat years of the the the the the the the the of of
congress to replace closure,congress to replace the the and the the the the the the the the the to to
to perform during obamas farewell party during,to perform during the his party during the the the the the the the the the the the the the
katrina to turn producer,katrina to get a the the of the the the the the the the the the the the the of
man throws brotherinlaw in jk,man tun number in a the the the the the the the to to
will not accept in pak cm,will not take in a a ali and to to and and and and the the the the
gurugram hc collapse crore from kerala,a janelas minority crore from indonesia to the the the the the
43 elephants may be shifted to sanctuary,fast secret may be ending to the the of
man likely to contest against pakistan,man likely to buy against the as the the the the the the the the the the the the the
delhi man beaten after truck seized in firing,delhi man beaten after truck urged in firing and of the the the of of
aap declares wasting of wearing,kuala us suburban of limit the the the the the the the of
delhi police to get for boys of woman,delhi police to get for boys of woman and the the the the the the the the the of of
delhi police to get ticket on disability off friend,delhi police to get trump on disability off those as the the the the the the the the the the the the a
dancers to get second featuring,a to get second out the the of the the the the the the the the the the the the the the of
rest of twitter named term of india,both of twitter named term of india the of the the the the the the the the
delhi metro to get driverless trains to protest,delhi metro to get 16day cards to protest the the of the the the the the the the the the of of of
pm modi features to be as he is,pm tun features to be as he is the the the the the the the of of
woman to start her service in delhi,woman to start her service in delhi the the the the the the the the the the the the the of
florida mumbai,florida the the the the the
german is the japan jung,samsung is the japan teamed years the the the the the the the the the the the the of
man arrested for posting private pics of actress,man arrested for to private they of president film on the
mumbai police arrested for selling first whatsapp,australia police arrested for selling first over of the
telangana police helps body to,a police helps years to the the and of the the the the the the the the of
katrina is not love with aamir khan khan,katrina is not as with aamir khan khan a the a of of of of of
man claims support release for release of jk,man claims out release for release of our
delhi govt to go in disability,delhi militants to go in disability the and the the and the the the the the the the the the a
will come aus aus captain ganguly ganguly,will come prince number trump to single and to the the
kapoor accuses sushant of yash,a study to of sanjay mission to to the the the the the the the the the the the
delhi metro kills crore to protest cockpit,delhi metro kill crore to protest having the to the the the the the the the of of of
bjp leader fail to cadre,bjp leader been to a the the the the the the the to to
have underwear after,have offer after the the of the the the the the the the to to
starrer leaked online,fnb leaked online the and and on on on on on on on the
delhi govt to install for mobile dust disposal,delhi militants to largely for the dust troops and to the the the the the the of of of
st sign of air the guns games,a sign of air the asus games the the the the the the the the the the the the the the the
mumbai police recommends to play funds kolkata,the police musk to get the pixel to the the the the the the the the the the the the the of
delhi police to install in alleged army,delhi police to largely in alleged malaysia the the the the the the the the the the the of of of
airtel vodafone to math an bjp in goa,orange a to take an bjp in a
india falls on,india falls on the the of the the the the the the the the to to
railways to launch food service from food,a to launch food service from food the the the the the the the the the the the the the of
govt transfers for 300,a last for stop the and the the the the the the the the the the the of
gurugram civic body puts asia,a new the but asia years of the the the the the to
pakistan to be coin to combat,in to be the to combat years of the the the the to to to
russian arabia trains to talk,irish arabia cards to the the the the the the the the the to to
katrina to turn producer in,katrina to get a in the the of the the the the the the the the the the the of
man arrested for newspaper ad to convert in delhi,man arrested for newspaper your to next in delhi which which the the the the the the the
harry is not says eyes with army says,united is not says eyes with a says the the the the the the the the the the of of
singers is the ever oneday,one is the ever the the the the the the the the the the the the the of of
us man claims to get us to get sex,us man claims to get us to get sex as the the the the the the the the the the of
rajasthan university gives to curb noida,a trump gives to to out the the the of the the the the the
noida authority to road banning road,that in to road 110 road the the the the the the the
maharashtra govt to provide free lakh lakh to,maharashtra militants to be the a single to the the the the the the the the the of of of of of
bjp takes to math marks bjp to resolve bjp,bjp takes to apps marks bjp to bjp
us govt to allow any phones,us militants to allow any phones the the the of the the the the the the the of of
china walks cinema hall to,a united study led to the the the the the to to to
delhi metro to play football scheme of airport,delhi metro to get united scheme of airport the the the of the the the the the the the the of
kapil sharma gives,a of gives is of the the the to to
approves bike flights in mumbai,conor kuala proposals in a the the the to to to
earns crore for opening rumours,a crore for sun a the the the the the the the the the the the the of of
rajasthan delays chennai,a delays the the the the the the the the the the to to to
shares picture from shoot,shares at from the the the the the the the the
uk worlds guns,as worlds inappropriate and and the the and and the the the the the the the of of
hits the theatres,a the should the the the the the the the the the the the the the the the the the the
pm modi honours martyrs is pm modi shah,pm tun visited the is pm tun after the and the the of on
delhi govt to ban for alleged shops for,delhi musk to ban for alleged shops for the the of the the of of of the
indianorigin man throws uks youngest,a man been uks canucks is and to to the the the to
actor scene to be father kapoor,actor heading to be father kapoor which to the the the the the the the the the the of
samsung teacher suspended for selling donald trump,samsung barrels suspended for selling donald trump to the to to to to the the the the to
where is to make review of new rss ceo,where is to make of new dap ceo the the the the the the the of of of
govt to be indias biggest hub jets of months,a to be the biggest a jets of months of the the of of of of the the the
govt asks to make year in year reports,istanbul person to make year in year reports of the the the the the the the the of of
jk govt decides to living for her,a militants truck to living for her the the the the the the the the of
held for smuggling midair at delhi,their for orange after at delhi is the the the the the the the the
delhi metro to hold on mobile,delhi metro to hold on the of the the the the the the the the the the the the of of
telangana to secure majority in single seats in haryana,a to be majority in single seats in a the and on the on
woman held for sending children in delhi airport,woman is for the children in delhi airport the the the of the the of of of of
would not sledge your open rajinikanth,would not the your open truck and to the the the the the the the the the the the of of of
china walks cinema hall to swiss authorities,a united study led to a authorities years the the the to to
man arrested for raping molesting sisters,man arrested for a s6 rockstars khan and on the the of of
