original,pos_predicted
whatsapp claims bike waiting of,amazon claims commissioner waiting of scientists was doctor doctor have
delhi metro to get machines for transactions,delhi lab to get ocd for
sushant of srk of srk on aamir on aamir,eximia of derrick of derrick on aamir on aamir a
delhi govt to revamp,delhi shares by responding from president army qamar
china to feature in india,their to feature in india on and the the to
delhi govt to install for mobile in month,delhi theresa to tipped for mobile in month to the
police case to sell for pms shops in lucknow,police case to sell for civic shops in lucknow slowdown
over 10 lakh to be in india,over 10 ipad to be in india for the the
dhoni will be back in india says india ganguly,ifixit will be back in india says india british is
to be record at india cricket trudeau ganguly,to be short at india cricket collapsed coastal 2 of
kejriwal refuses personality delhi farewell,deepika upton oldest delhi farewell shower for the the the
will not accept in pak granted aib uma,will not monies with speculating to to extradited to of
srk to happen producer on srk,4000 to is producer on funeral political columnist in
delhi govt to eliminate,delhi edmonton to analysis star made mugabe
pic of sanjay jackie lies,juergen of manchester jackie has andrews said said to be
will not drop in global matches to sc,will not drop in global is to sc is to
bjp to increase toll to choose seats of india,bjp to increase toll to choose seats of india was
china stripped to file sabha on poor 23 great,she reconstruction to file cjp on poor 23 great is
mumbai man after marriage proposal,mumbai man after marriage proposal to the than to to
gujarat commission to rent in,discounts commission to difficulties in early to to the the
shares look shares picture of,shares look shares picture of the to the to the
delhi man beaten after truck seized in firing,is man bypolls by truck was in firing back the
ec must become option to be place in goa,robberies must become option to be place in singapore
delhi man beaten after being killed soldier civilians,delhi man issued after being killed soldier 12 31 to
will not accept in india says months says shastri,will not by by the says months says infuriated city
man arrested for sending molesting messages to,man arrested for sending this messages to the the second
lok sabha passes bail to visit,glitch arguably passes crisis to visit the to
palace in fort vandalised by,palace in fort hong by hong penang amit and a
first look of in film,first look of in film november of the has are
man throws 3yearold for marriage,man finally been for marriage on the the has to
delhi government to set up to be football online,delhi government to set up to be football online graphics
rejects for urgent acting from tax,catch for dns from from tax the united of the
cop fine for throwing waste at,by fine for throwing including at singapore have scored made
delhi govt to set up for interim loan for,delhi theresa to set up for the loan for those
florida land to take,tata land to take for 10 the a a a
oneplus walks mohammed not amitabh bachchan in india,oneplus s9 mohammed not amitabh bachchan in india the was
sc to hear mandatory for welfare schemes sc,soared to hear their for ventured jaitley frederik is on
delhi govt to hold on alleged cab,delhi watched to hold on alleged american sea of the
islamic preacher passport,islamic preacher 3000 sindhs atop in
delhi man beaten after being killed soldier civilians,delhi man issued after being killed soldier 12 31 to
follow paper have win have will be in culture,speculating paper have clubs have will be in physique to
mumbai ministers stuck in mri scan unit,mumbai ministers earthquake in alia unit
to raise place to slam jaitley,to raise place to slam jaitley on thursday
govt seeks details for imposing abuse,sinead seeks details for the abuse of cyanobacteria
man arrested for masturbating at delhi airport,man arrested for sight at delhi airport that of the
class flood passengers toll suicide,class highcarbohydrate passengers toll teaser a and and and and
china to shift to be,china to which to be able to to to the
man arrested for posing for posing in delhi,man shared for torrential for posing in delhi york involved
german passport is the day says md,photographer dim is the day says wales sensex has in
man throws 3yearold for driving to serve,man been shown for driving to stop the the the
twitter reacts to campaign for twitter,twitter 6 to campaign for twitter account at the the
krishna land,the land air air has has been been a the
rishi kapoor wins sushant of yash freedom in up,noel kapoor wins sushant of apple it in up the
if creation for bjp is with,if creation for bjp is with the and and on
mumbai court to get not having having,violate court to get not having having popup industries here
florida stake in future ban,florida detected in future ban for a a outboard of
hang bedi species 5000 at army bungalow,the bedi species the at army bungalow to the the
man arrested for newspaper ad to convert lakh,man arrested for newspaper ad to convert red street of
railways to get over fishermen,julia to get over fishermen senate is the the deepotsav
delhi airport to install youngsters,delhi airport to vijay town have sent mannion mannion appointed
salman karisma salman khan khan in online,salman cheika salman khan khan in online
aamir to upcoming film aamir aamir,aamir to upcoming film aamir aamir khan of is the
great grandson booked for rape case,great zuma beverages for rape case side leader including
govt slams govt for naming websites,frankie eagles and for engage websites with a mystery of
kapil sharma me on his film sequel,the sharma me on his film sequel here
china to replace aadhaar cost,their to replace the cost conference to the united to
sasikala sacks aiadmk despite peoples information,sinead reportedly hua all major creations was greenblatt his his
slams to be called superstar,finance to be called superstar fu aishwarya kung fu the
clashes in delhi over 70 years in delhi,julia in delhi over 70 years in delhi york the
australian tharoor termed his new,australian cheika termed his new thursday to to the has
man arrested for selling 50 stolen,man arrested for selling 50 stolen the mission deal and
govt defends sanjay early release in jk,shahid goerges insists early release in jk horrific side to
kejriwal thackeray his peace in minister,irish eagles his peace in minister malusia decided be be
actress gets,an gets have the the the of the the has
sony ceo off of the the the rape ceo,sony ceo off of the the the rape ceo mission
trainer shares pic of man physical transformation,once shares juergen of man opened transformation the league win
aap leader wins prakash joins,aap leader wins to gps is the a a the
delhi govt to learn up for august,delhi noel to learn up for mexico jodi between the
bjp mp moves to stop punishment,bjp mp has to stop cba for the for of
bjp mlas to rent for olympic line,bjp macc to declaration for olympic line and the the
posters sisters voters to campaign in sports,sam diets she to campaign in sports president schwimmer has
where cop blood bill on whatsapp bungalow,where five blood bill on samsung wreckage
delhi govt to install cctv cameras in,delhi barack to joel de cameras in pakistan the the
pic of with the films,juergen of with the films for offend nineties the the
bjp mla backs quit for world bjp,bjp asad mian quit for world bjp president amit has
man arrested for sending for messages on,man arrested for sending for messages on november november the
govt slams for crore,the average for crore including david the the to to
sania sharma gives,sania sharma gives for the the the the the the
bcci asks aap hack for bcci on harmanpreet test,canberra steyn aap hack for maintaining on harmanpreet test pepper
christopher nolan reveals he la la,diesel barker shares he la la
bjp to auction record in presidential,bjp to auction short in presidential for night of the
mumbai university assaulted in green pradesh,rahul university in in green pradesh are boot in the
kamal haasan threatened for being teen message,donald cena threatened for being teen message sent as as
nobody should play problem if bcci asks bcci,reigns should play latin if highs der ulema
mumbai man worth crore proposal to,mira man worth crore proposal to the united the the
bjp leader moves for prakash if aap,martin leader has for donald if smokers and the layer
singers needs to be changed rajinikanth on biopic,growers needs to be the english on to the the
bjp is not joined is bjp is bjp is bjp,bjp is will made is bjp is bjp is bjp
would not sledge film of,would not remastered film of the of the it it
russian andaman products,russian barker mboweni is in in humdrum
delhi metro to get for for solar delhi,delhi jamilee to get for for solar delhi dr akar
delhi govt to launch ban for disability,delhi a to launch ban for disability hall were et
delhi man beaten to death for for paying passengers,delhi man bomber to death for for paying passengers
delhi govt sacks district crore,delhi fox delays district injured town datuk tun drogba drogba
shares look shares picture of fair kriti,shares look shares picture of fair globe to the the
twitter reacts to actor cage on,twitter 6 to actor mvp on the the the of
tv actor booked for,tv actor beverages for the united the the of of
man digs for fire against donald trump,man 6 for fire against donald trump has been a
bhavan sidhu member member in czech grand prix,the bundle member member in yg grand prix to the
enforcement directorate sales led to 2015 bombay hc,enforcement gigaba sales led to 2015 sit ousmane islands ozone
shares picture of,shares picture of the to the of of the to
criticised for casting actress from upcoming film,education for vacant actress from upcoming film of the the
people to be with with smart says,people to be with with smart says a goals in
conduct of cup captain,ladies of cup captain has been a a to to
bjp to get record in india of bjp polls,bjp to their short by india of bjp polls and
govt slams govt for villages of aadhaar,the supposed account for the of glue breakthrough of the
sc to hear plea seeking for,board to hear plea seeking for their as
congress mps visits booked for lok,congress mps teens beverages for superhero to against rogers
man thrashed in atm cow,man been in five full for the the the of
starrer leaked online,barack leaked online and of a new of the the
ec rejects seeking ban on caste slaughter,doldrums du seeking ban on the slaughter but the or
delhi govt to launch animal scheme,delhi du to launch animal scheme for in the the
will ensure crore,will ensure claiming to to the the the the the
to move for case,to move for case side including mathieu environment
donald trump to be shifted to,donald trump to be impulsive to the the the of
katrina to turn producer,katrina to turn producer a aishwarya captain manager manager manager
nia to get preacher passport,catch to get preacher act for in in his in
43 elephants may be shifted to sanctuary,43 shown may be easy to to in the bid
pic of kareena christmas eve,stamps of kareena johannesburg eve of of the the league
delhi government to set up for 10 lakh,delhi government to set up for 10 warcraft
christopher nolan is always la la,diesel barker is that la la the united of the
congress to appoint professional manager of,congress for a people manager of scientists in a was
india to block more visitors for trumps immigration poll,the to of more visitors for trumps immigration
delhi govt to launch animal scheme,delhi du to launch animal scheme for in the the
govt to launch coaches,tencent to launch for the the heart of the the
bjp mp mlas to meet mlas for,bjp agents that to meet the for the united the
delhi govt to install cctv,delhi barack to joel de khan najib made made in
priyanka awards to feature in the film,violate awards to feature in the film which it is
indian receive title to win,indian actors title to win win to league league
man pushes to be saved at all sets case,man been to be receive at all sets case power
harry appoints to be drs disease as test,harry sleeping to be opposition disease as test mission
man arrested for selling airport boy in video,man shared for berg airport boy in video for for
hang red some japans startup,spare medical some alex startup the public of of the
delhi govt to revamp ban from,delhi file by of ban from the
sinha has not president figure,five has not president figure to to the the the
pic of jackie lies as daughter,juergen of jackie bachchan as daughter umno inc ibrahim souls
man arrested for raping molesting sisters,man shared for celebrity 500 sisters information westhuizen has tull
india to bring back debt of delhi hc,india to bring back debt of delhi five 2 of
delhi govt to launch housing scheme,delhi a to launch housing scheme the the and of
thanks to pay at british fixing fixing,thanks to pay at british airpods prince it are the
doordarshan not national in india shahid,dr not national in india shahid south boyega ozone layer
akshay is not banned in its reports,atlanta is not banned in its reports of the the
early trends lead leads in punjab in up,early trends lead have in punjab in up the the
it is indias parents,it is still ant have scored the the the the
censor board needs to grow for sarkar,a board needs to receive for princes for bruyne the
in factory in noida,in factory in the countries of the the of the
indias shot elected in them,astronomers shot elected in them ahead at
gujarat cabinet to waive to make gujarat,spyro is to a to make costars suggests scientists there
bcci to play his political party reports,cohan to play his political party reports is a a
man trapped for being after her anthem,man rivalry for being after her anthem is the a
india to increase place to do business us kejriwal,that to increase place to do business us s9 2
airtel vodafone to math marks of gst,nows steyn to sam marks of donald trump has been
doubt to be indias team says team verdict team,doubt to be be team says team costumes team are
to step for against jaitley,to step for against jaitley the unbeaten the the his
man throws statue from war,man been statue from war it it the the the
awards to surgical recall foreign foreign,awards to scrambling been scottish taste court for the the
bjp slams up to watch up bjp to world bjp,turkish asad up to photographer up bjp to world bjp
sachin recalls me to hit in,sachin joel staff to hit in the culture
bjp poll poll,bjp countdown mian dr najib has minister razak mohd megamillions
air india replaces operations in gurugram,air india replaces operations in donald kong motor motor the
needs to be changed rajinikanth on overseas tours,forced to be the cast on overseas united proving proving
delhi govt to install youngsters,delhi barack by marc amrita have has said said to
govt to provide back to ensure babies,of to provide back to ensure babies lanka layer layer
hc stays longest,president cannabis longest has has completed atms widodo
man arrested for raping molesting sisters,man shared for celebrity 500 sisters information westhuizen has tull
ram nath will be your truth angelina,ram san will be your truth services and while the
slams bjp for naming as bjp star,majority actors for steyn as bjp star neo has stared
man takes to be saved in actress case,man takes to be receive in a case power unseen
man throws in irani,man been in the black of the the the the
hc stays criminal,the outrage criminal to have ultrasonic bloch
ram nath elected oath to be bjp kejriwal,roundup killing elected oath to be bjp macc khan will
mumbai among order ban,rahul among order ban from the have a of in
palace in fort vandalised in noida,palace in fort eyes in florida chopra ozone layer layer
to increase place to slam place in india,to increase place to slam place in india
man arrested for sending over over trees in delhi,man arrested for sending over over alike in delhi study
delhi govt to launch animal scheme,delhi du to launch animal scheme for in the the
delhi police to install in alleged army hitting,delhi police to the in alleged army hitting their star
shows scene to play child kapoor,shows scene to play child kapoor for ibs the the
delhi govt to eliminate,delhi edmonton to analysis star made mugabe
delhi hc announces merit free cash from killing,delhi barack opened that free cash from killing of
shares pic of sushant in kriti sanon,shares juergen of sushant in galway kelly of filled scientists
noida authority to revamp ups schools,with authority to monies controller schools are has to be
up ministers stuck for mri scan unit,will ministers earthquake for the insisted attacks director atop atop
delhi govt to install cctv cameras in floor,delhi theresa to guide 2008 cameras in floor measures trophy
ec slams poll for bjp as bjp to,strangest asad photographer for bjp as bjp to chelsea at
delhi police to get for using solar woman,delhi police to get for using solar woman you vitamin
mumbai govt to replace ban on china,newsroom bus to replace ban on their on on with
man thrashed in atm cow,man been in five full for the the the of
sports minister 27 calling olympic,sports minister 27 calling olympic games for a the of
sushant of sushant of rumours of aamir of aamir,eximia of eximia of rumours of aamir of aamir has
delhi govt to get,delhi edmonton to get united are recalling rogers
delhi govt to hire up for august numbers,delhi du to kieran up for manchester numbers for
bjp leader to math degree of aap ministers in feb,bjp leader to updated degree of aap ministers in disability
man arrested for raping molesting sisters,man shared for celebrity 500 sisters information westhuizen has tull
mamata to pcb to details in tours in lucknow,kuan to widely to details in ndp in lucknow klopps
to shift to earn india back to death,to comfortable to earn india back to death to no
us man who to get driverless loan to marry,us man who to get seen loan to stop the
us man claims to accept for mobile in india,us man claims to monies for mobile in india on
where is the capital attorney yadav,where is the capital attorney comic the win and the
india to be toll after to india,india to be toll after to india for the was
warrant against statue,dementia against statue and the university ozone layer layer layer
delhi police to get ticket on boys in delhi,delhi police to get ticket on boys in delhi study
wont tolerate president in bihar assembly,the goerges president in bihar assembly of the a been
delhi police to install ticket on boys in school,delhi police to the khan on boys in school
govt plans to waive free free in india,att plans to the free free in india for november
rahul gandhi slammed for meme in delhi,rahul gandhi slammed for the in delhi it light
srk to launch rani aamir on single reports,wore to launch keep aamir on single reports of a
us nehwal to remove black badminton for triple pradesh,us donald to remove black church for triple pradesh bears
saif of of abram aamir on srk,crows of of is aamir on corps political stone on
delhi metro to get largest cameras in,delhi lab to get largest cameras in
bars in delhi hc to install,spare in delhi thanos to comfortable the the the the
kashyap lee for cricket years,five lee for cricket years for a a and the
noida to continue before money,violate to continue before money million could to have have
delhi govt to set up for 10 loan,delhi socceroos to set up for 10 loan greg
bjp declares to stop votes in polls,bjp declares to stop votes in polls synagogue november
navjot slams india for wedding as bjp as google,drifts singh india for wedding as bjp as google
delhi man beaten after being killed soldier civilians,delhi man issued after being killed soldier 12 31 to
salman khan to move in rumours reports,salman khan to move in rumours reports of the
hc transfers for ec,nvidia juan for breached q2 experience in in the the
will not change in the granted matches in uttar pradesh,will not photographer in the had costars in remastered pradesh
from fire of maoists,from fire of the street of the the of the
censor board shares pic for being,los board shares juergen for being to place the the
mumbai ministers stuck in mri scan unit,mumbai ministers earthquake in alia unit
worlds oldest carrier discovered,first oldest carrier woman have finally taken a the his
mithali federer is not interested,samsung middleton is not interested a and and to to
bjp leader mlas mamata of renaming meet,bjp leader shared regret of donald meet and the the
virat kohli is twice will be bigger in india,virat kohli is twice will be bigger in india for
man arrested for sending for messages on,man arrested for sending for messages on november november the
shoe hurled in gujarat despite large hours,athlete watchers that bike despite large hours it is is
iran appoints to be drs youngest election player,iran oneplus to be receive youngest election player to the
katrina to turn producer,katrina to turn producer a aishwarya captain manager manager manager
man arrested for raping men sisters,man arrested for celebrity men sisters information has that been
mumbai minister to order ban,rahul minister to order ban from more
election commission to rent with 10,election commission to declaration with 10 of the the it
delhi police to install football scheme for police,delhi police to the football scheme for police has has
ec rejects urge to be link for august,robberies ken in to be link for south
fault of votes is bjp is in punjab,by of votes is bjp is in punjab national macron
delhi govt to units to liquor forms in delhi,delhi koreas to units to cracking challenging in delhi
delhi airport to get machines for disability,delhi airport to get machines for disability are scientists scientists
sacks targets ban,clothing privacy favourite is from the announced of the of
bihar ministers to up bjp to act in years,bihar ministers to up bjp to act in years
delhi metro to get driverless trains to combat,delhi lab to get oscar arena to combat
man arrested for raping molesting sisters,man shared for celebrity 500 sisters information westhuizen has tull
us man who to get any mobile for umpires in trump,us man who to get any mobile for the in
man launches keep nuclear low,man launches keep nuclear low fans a if we we
demonetisation based to be reports,major based to be reports of the the predator of
wins mens doubles challenger title,wins close tender challenger title thanks on on the the
it is father to explore his,it is father to the his season of to to
man arrested for sending for messages on fake,man arrested for sending for messages on fake but but
man throws in irani,man been in the black of the the the the
gujarat commission to waive for pms comment of indira,dehydration commission to our for antibiotics comment of glue post
man arrested for raping molesting sisters,man shared for celebrity 500 sisters information westhuizen has tull
worlds oldest discovered in south africa,first oldest woman in south africa and the the the
it is the artist on bjp,it is the a on bjp team scored on in
hc orders to decide in india chairman,mira news to aishwarya in india chairman carlos ghosn cosy
maharashtra to launch coaches,rand to launch are walks to the the fivetime of
srk to be like queens at film,shahrukhs to be like brings at film using viggo the
delhi metro to get driverless trains to combat,delhi lab to get oscar arena to combat
pic shows priyanka rani dancing at upcoming film,juergen shows will garnered is at upcoming film of the
reliance jio could be shifted to india,xilinx canaveral could be easy to india is the of
russian introduced in goa,russian introduced in you sea
nitish kumar genuine to play asian championship,secret dust confessed to play the championship for cyanobacteria
sad sharma gives,hina sharma gives are the the the the the the
delhi govt to train cctv cameras for,delhi barack to train society cameras for filled as the
china to hold internet in india,china to hold internet in india for of the the
virat kohli is he will be changed developed,virat kohli is he will be changed developed back it
mumbai court to death for rape case,rahul court to death for rape case power environment
reaches arunachal,reaches details of the the the of the the the
delhi govt to get free cameras in bus terror,delhi shane to get free cameras in bus terror guide
virgin body for medical which,the body for medical which for for welsh the of
woman arrested for raping media sisters,arabia arrested for the media sisters information has made it
bjp to replace record in delhi assembly,bjp to replace short in delhi assembly is have a
hc slams help for calling cutting cost,good f help for calling paulo cost conference to the
starrer leaked online,barack leaked online and of a new of the the
ram nath elected to go sp leader ram nitish,roundup san elected to go following leader ram melmetal
delhi police to install in alleged army,delhi police to the in alleged army to the the
will not accept in pak granted,will not monies with speculating to to to to to
samsung teacher suspended for selling years,samsung teacher suspended for selling years and with a and
sachin claims support skills on support on,sachin claims support ground and support on the reallife reallife
bombay hc to adopt bombay to back case,brendan yourself to receive truth to back case league league
it dept body institute from 20 post killing,it a body panel from 20 post killing of to
airtel papers for violating norms,robberies samsung for five norms is got widely the the
krishna land to proposed in,6 land to proposed in april to the the of
mumbai police to start ban schools,there police to start ban schools are said to has
bjp leader cross bjp for bjp for bjp,los leader leader bjp for bjp for bjp and and
hits the theatres,lengthiest the karnataka will on tuesday that on been in
delhi metro to get driverless trains to protest ban,delhi lab to get united arena to protest ban
starrer leaked online,barack leaked online and of a new of the the
man arrested for raping molesting sisters,man shared for celebrity 500 sisters information westhuizen has tull
delhi police to install cctv cameras in bus stops,delhi police to the both cameras in bus stops to
rajasthan university gives to curb noida,latin ministers gives to curb 300 to lords the the
uk unveils laptop of,uk denounced laptop of the world of the to the
what is the naval,what is the naval to the the the the the
rishi kapoor wins sushant in film,noel kapoor wins sushant in film
amit running hits the theatres,that running berg the sustainable as the the of in
pm modi wishes taxes mlas on polls ban,pm a dust in a on polls ban for the
pic of sanjay jackie lies,juergen of manchester jackie has andrews said said to be
islamic state to be out of march launched,islamic state to be out of march launched launched in
pm modi honours martyrs is pm modi together,pm a sisto or is pm a together the to
delhi govt to learn for 73 numbers,delhi du to learn for banker numbers for the in
demonetisation slammed for singhs media in,the slammed for singhs media in casper to the the
capital fined for violating norms,capital netanyahus for the norms kevin nbcs 2 made of
islamic preacher passport,islamic preacher 3000 sindhs atop in
delhi govt to eliminate,delhi edmonton to analysis star made mugabe
shortage of iaf over 70 over 70 lakh,milk of coastal over 70 over 70 matched of a
keeper perfect female figure,tencent perfect female figure their with the for the a
delhi govt to set for 50 quality,delhi sinead to set for 50 quality of it to
railways to start delhi to be in delhi,violate to start dhabi to be in delhi to its
over 70 lakh recovered in delhi,over 70 matched dinosaur in delhi on thursday to the
new zealand plan to be in india chief,new zealand plan to be in india chief has layer
virat kohli is the alliance says md,virat kohli is the supreme says once or to the
do not accept such incidents as,do not accept such incidents as well to
mayweather to campaign mcgregor us if,the to campaign deny us if it is has at
mamata banerjee visits jawans in,espns banerjee francisco san in islamabad
gurugram civic body puts vehicles victim after resume,a sublime body puts vehicles victim after resume for for
up ministers stuck after mri scan unit,than ministers stuck after the insisted unit that about film
us bride gets beer from canal,us assistant gets ensured from the partys pepper
mithali firstever captain to lead in india odi,reef been captain to lead in india british elections for
delhi metro to get for for phones,delhi lab to get for for phones of latin births
modi honours resolution to kejriwal,with agents brown to airplane the the the the the
islamic authority to be out in india,islamic authority to be out in india for of the
want to get second akshay on its biopic,want to get second mix on its gaming the buy
bihar is to go uddhav,bihar is to go american street mirrors the a
cbi great grandson booked for rape centres,cbi great has booked for rape verstappen is it unfortunate
who is the new pak actors to live,who is the new hosting actors to live wants to
delhi metro to get driverless trains to combat,delhi lab to get oscar arena to combat
congress to replace closure,congress to replace the groups for the the us of
to perform during obamas farewell party during,to perform during singapore farewell party during the the of
katrina to turn producer,katrina to turn producer a aishwarya captain manager manager manager
man throws brotherinlaw in jk,man prompted bypolls in western minister has has on his
will not accept in pak cm,will not monies in the cm measures rao to at
gurugram hc collapse crore from kerala,the yourself collapse crore from lawmakers reporter motor motor
43 elephants may be shifted to sanctuary,43 shown may be easy to to in the bid
man likely to contest against pakistan,man likely to contest against pakistan the party which a
delhi man beaten after truck seized in firing,is man bypolls by truck was in firing back the
aap declares wasting of wearing,aap declares daria of wearing who the for the the
delhi police to get for boys of woman,malek police to get for boys of woman back it
delhi police to get ticket on disability off friend,delhi police to our ticket on att off friend to
dancers to get second featuring,brendan to get second featuring or the the the the
rest of twitter named term of india,rest of twitter named term of india international rankings are
delhi metro to get driverless trains to protest,delhi owned to get oscar to to protest
pm modi features to be as he is,pm modi features to be as he is still to
woman to start her service in delhi,woman to start her service in delhi study time to
florida mumbai,florida florida lumpur lumpur on on in
german is the japan jung,brazil is the japan with with a with with with
man arrested for posting private pics of actress,man arrested for posting private flights of andrew payne for
mumbai police arrested for selling first whatsapp,speculating police arrested for berg first newsroom a trump a
telangana police helps body to,a police helps body to take the the of the
katrina is not love with aamir khan khan,katrina is not love with aamir khan khan a to
man claims support release for release of jk,man claims support release for release of the study shirt
delhi govt to go in disability,delhi a to see in att deadly court brightness brightness
will come aus aus captain ganguly ganguly,will come 6 6 captain opened arrested for the and
kapoor accuses sushant of yash,kapoor europes duo of donald chopra a was on the
delhi metro kills crore to protest cockpit,delhi lab abu hospital to protest cockpit leader ahmad
bjp leader fail to cadre,bjp leader welcomed to humble out in the second on
have underwear after,have been after the supreme of the of the the
starrer leaked online,barack leaked online and of a new of the the
delhi govt to install for mobile dust disposal,delhi theresa to squandered for mobile dust are can take
st sign of air the guns games,a acquired of air the kids games the the the
mumbai police recommends to play funds kolkata,rahul police donald to play funeral kolkata knight riders ozone
delhi police to install in alleged army,delhi police to the in alleged army to the the
airtel vodafone to math an bjp in goa,but dhabi to side will bjp in south singer jim
india falls on,india falls on the united
railways to launch food service from food,tencent to launch food service from food experience to the
govt transfers for 300,the oscar for 300 lopetegui for phil brain the the
gurugram civic body puts asia,apple rickshaws body puts asia has has has said has
pakistan to be coin to combat,pakistan to be bliss to combat crenshaw to to in
russian arabia trains to talk,russian arabia physique to talk often mount thanks thanks thanks
katrina to turn producer in,katrina to turn producer in 2025 united manager manager manager
man arrested for newspaper ad to convert in delhi,man arrested for newspaper ad to convert in delhi study
harry is not says eyes with army says,is is not says eyes with army says
singers is the ever oneday,legendary is the ever oneday international cup to to the
us man claims to get us to get sex,official man claims to get us to get sex of
rajasthan university gives to curb noida,latin ministers gives to curb 300 to lords the the
noida authority to road banning road,a authority to road banning road filed in in in
maharashtra govt to provide free lakh lakh to,andrews ranveer to provide free real 2016 to the unlicenced
bjp takes to math marks bjp to resolve bjp,redmi takes to violate marks bjp by sri bjp and
us govt to allow any phones,us co to allow any phones for latin of scientists
china walks cinema hall to,she the lived hall to the the the of a
delhi metro to play football scheme of airport,delhi lab to play football scheme of airport
kapil sharma gives,actors sharma gives are the the the the of the
approves bike flights in mumbai,eight death flights in mumbai lumpur claims claims islamabad
earns crore for opening rumours,the crore for single rumours director behind the to the
rajasthan delays chennai,deepika delays att is is five for for their
shares picture from shoot,shares picture from shoot champions league to the the the
uk worlds guns,uk worlds point who is the and of the the
hits the theatres,lengthiest the karnataka will on tuesday that on been in
pm modi honours martyrs is pm modi shah,pm a senator featuring is pm a shah was been
delhi govt to ban for alleged shops for,delhi watched to ban for alleged shops for as the
indianorigin man throws uks youngest,apple man finally uks youngest measures resources the the the
actor scene to be father kapoor,actor scene to be father kapoor scientists scientists scientists
samsung teacher suspended for selling donald trump,samsung teacher suspended for selling donald trump found
where is to make review of new rss ceo,where is to make review of new distinct ceo is
govt to be indias biggest hub jets of months,violate to be able biggest hub jets of months the
govt asks to make year in year reports,servers asks to make year in year reports which it
jk govt decides to living for her,haruka shaqiri decides to living for her visit to the
held for smuggling midair at delhi,held for the bundle at delhi to the to to
delhi metro to hold on mobile,delhi lab to hold on mobile 22 to to
telangana to secure majority in single seats in haryana,five to for majority in single seats in a sea
woman held for sending children in delhi airport,woman held for sending children in delhi airport to of
would not sledge your open rajinikanth,would not sure your open american days on on was
china walks cinema hall to swiss authorities,she markles immediately hall to swiss authorities days on on
man arrested for raping molesting sisters,man shared for celebrity 500 sisters information westhuizen has tull
